Country,National Animal
Afghanistan,Leopard
Albania,Eagle
Algeria,Fox
Andorra,Cattle
Angola,Black-crested antshrike
Antigua and Barbuda,Red-billed tropicbird
Argentina,Rufous hornero
Armenia,Wolf
Australia,Kangaroo
Austria,Eagle
Azerbaijan,Horse
Bahamas,Flamingo
Bahrain,Oryx
Bangladesh,Tiger
Barbados,Pelican
Belarus,Bison
Belgium,Lion
Belize,Tapir
Benin,Lion
Bhutan,Goat
Bolivia,Andean condor
Bosnia and Herzegovina,Bear
Botswana,Zebra
Brazil,Jaguar
Brunei,Brunei Crested Fireback
Bulgaria,Lion
Burkina Faso,Horse
Burundi,Leopard
Cape Verde,Gecko
Cambodia,Ox
Cameroon,Lion
Canada,Beaver
Central African Republic,Elephant
Chad,Lion
Chile,Andean condor
China,Panda
Colombia,Andean condor
Comoros,Bat
Congo,Gorilla
Costa Rica,Deer
Croatia,Bee-eater
Cuba,Trogon
Cyprus,Sheep
Czechia (Czech Republic),Double-tailed lion
Denmark,Swan
Djibouti,Black panther
Dominica,Parrot
Dominican Republic,Palmchat
Ecuador,Andean condor
Egypt,Eagle
El Salvador,Torogoz
Equatorial Guinea,Parrot
Eritrea,Camel
Estonia,Bear
Eswatini,Lion
Ethiopia,Lion
Fiji,Iguana
Finland,Bear
France,Rooster
Gabon,Black panther
Gambia,Hyena
Georgia,Leopard
Germany,Eagle
Ghana,Eagle
Greece,Dolphin
Grenada,Dove
Guatemala,Resplendent quetzal
Guinea,Lion
Guinea-Bissau,Wild dog
Guyana,Jaguar
Haiti,Trogon
Honduras,Deer
Hungary,Cattle
Iceland,Gyrfalcon
India,Tiger
Indonesia,Komodo dragon
Iran,Lion
Iraq,Eagle
Ireland,Deer
Israel,Gazelle
Italy,Wolf
Jamaica,Red-billed streamertail
Japan,Green pheasant
Jordan,Oryx
Kazakhstan,Leopard
Kenya,Lion
Kiribati,Gilbert's Whistler
Kosovo,Eagle
Kuwait,Oryx
Kyrgyzstan,Leopard
Laos,Elephant
Latvia,Wagtail
Lebanon,Hyena
Lesotho,Wildebeest
Liberia,Mongoose
Libya,Lion
Liechtenstein,Eagle
Lithuania,Bear
Luxembourg,Lion
Madagascar,Lemur
Malawi,Leopard
Malaysia,Tiger
Maldives,Turtle
Mali,Lion
Malta,Blue rock thrush
Marshall Islands,Shark
Mauritania,Eagle
Mauritius,Dodo
Mexico,Eagle
Micronesia,Bat
Moldova,Ox
Monaco,Eagle
Mongolia,Horse
Montenegro,Eagle
Morocco,Lion
Mozambique,Elephant
Myanmar,Peacock
Namibia,Hyena
Nauru,Owl
Nepal,Cow
Netherlands,Lion
New Zealand,Kiwi
Nicaragua,Motmot
Niger,Giraffe
Nigeria,Eagle
North Korea,Chollima (mythical horse)
North Macedonia,Lynx
Norway,Moose
Oman,Oryx
Pakistan,Goat
Palau,Bat
Panama,Eagle
Papua New Guinea,Raggiana bird-of-paradise
Paraguay,Peccary
Peru,Vicuña
Philippines,Water Buffalo
Poland,Eagle
Portugal,Wolf
Qatar,Oryx
Romania,Lynx
Russia,Bear
Rwanda,Crane
Saint Kitts and Nevis,Pelican
Saint Lucia,Parrot
Saint Vincent and the Grenadines,Parrot
Samoa,Pigeon
San Marino,Horse
Sao Tome and Principe,Frog
Saudi Arabia,Horse
Senegal,Lion
Serbia,Eagle
Seychelles,Tortoise
Sierra Leone,Lion
Singapore,Lion
Slovakia,Chamois
Slovenia,Lynx
Solomon Islands,Parrot
Somalia,Leopard
South Africa,Springbok
South Korea,Tiger
South Sudan,Eagle
Spain,Bull
Sri Lanka,Elephant
Sudan,Giraffe
Suriname,Lesser Kiskadee
Sweden,Moose
Switzerland,Cow
Syria,Bear
Taiwan,Bear
Tajikistan,Leopard
Tanzania,Leopard
Thailand,Elephant
Timor-Leste (East Timor),Crocodile
Togo,Lion
Tonga,Red-billed tropicbird
Trinidad and Tobago,Scarlet ibis
Tunisia,Lion
Turkey,Wolf
Turkmenistan,Horse
Tuvalu,Dove
Uganda,Crane
Ukraine,Wolf
United Arab Emirates,Oryx
United Kingdom,Lion
United States,Eagle
Uruguay,Swan
Uzbekistan,Leopard
Vanuatu,Vanuatu megapode
Vatican City,Dove
Venezuela,Venezuelan troupial
Vietnam,Water buffalo
Yemen, Leopard
Zambia,Eagle
Zimbabwe,Antelope