Study_2022,id,age,sex,nationality,diversity,bmi_group
Study_2022,Sample-1,28,male,US,5.76,severeobese
Study_2022,Sample-2,24,female,US,6.06,obese
Study_2022,Sample-3,52,male,US,5.5,lean
Study_2022,Sample-4,22,female,US,5.87,underweight
Study_2022,Sample-5,25,female,US,5.89,lean
Study_2022,Sample-6,42,male,US,5.53,lean
Study_2022,Sample-7,25,female,US,5.49,underweight
Study_2022,Sample-8,27,female,US,5.38,lean
Study_2022,Sample-9,21,female,US,5.34,lean
Study_2022,Sample-10,25,female,US,5.64,lean
Study_2022,Sample-11,54,female,US,5.57,underweight
Study_2022,Sample-15,58,female,US,5.4,obese
Study_2022,Sample-16,33,female,US,5.51,severeobese
Study_2022,Sample-17,28,female,US,5.55,lean
Study_2022,Sample-18,23,female,US,5.47,lean
Study_2022,Sample-19,37,female,US,5.75,lean
Study_2022,Sample-20,37,female,US,5.87,lean
Study_2022,Sample-21,60,female,US,5.72,lean
Study_2022,Sample-22,28,female,US,5.39,lean
Study_2022,Sample-23,52,female,US,5.95,overweight
Study_2022,Sample-24,22,female,US,6.09,lean
Study_2022,Sample-25,21,male,US,5.97,NA
Study_2022,Sample-26,54,female,US,5.82,lean
Study_2022,Sample-27,33,male,CentralEurope,5.53,severeobese
Study_2022,Sample-28,39,male,CentralEurope,5.87,severeobese
Study_2022,Sample-29,36,male,CentralEurope,5.7,severeobese
Study_2022,Sample-30,50,male,CentralEurope,5.59,severeobese
Study_2022,Sample-31,54,male,CentralEurope,5.87,severeobese
Study_2022,Sample-32,54,male,CentralEurope,6.12,obese
Study_2022,Sample-39,56,male,Scandinavia,5.72,overweight
Study_2022,Sample-40,39,female,Scandinavia,5.88,lean
Study_2022,Sample-41,38,female,Scandinavia,5.64,underweight
Study_2022,Sample-42,53,male,Scandinavia,6,lean
Study_2022,Sample-43,42,female,Scandinavia,6.05,overweight
Study_2022,Sample-44,65,male,CentralEurope,5.54,severeobese
Study_2022,Sample-45,59,male,CentralEurope,5.9,obese
Study_2022,Sample-46,36,male,CentralEurope,5.71,obese
Study_2022,Sample-47,62,male,CentralEurope,5.77,obese
Study_2022,Sample-48,55,male,CentralEurope,5.86,obese
Study_2022,Sample-49,60,male,CentralEurope,5.8,severeobese
Study_2022,Sample-50,33,male,CentralEurope,5.69,severeobese
Study_2022,Sample-51,39,male,CentralEurope,5.43,severeobese
Study_2022,Sample-52,36,male,CentralEurope,6.05,severeobese
Study_2022,Sample-53,50,male,CentralEurope,5.41,severeobese
Study_2022,Sample-54,54,male,CentralEurope,5.88,severeobese
Study_2022,Sample-55,26,male,CentralEurope,5.63,obese
Study_2022,Sample-56,54,male,CentralEurope,5.88,obese
Study_2022,Sample-57,54,male,CentralEurope,6.07,obese
Study_2022,Sample-58,49,male,CentralEurope,5.44,obese
Study_2022,Sample-59,48,male,CentralEurope,5.77,obese
Study_2022,Sample-60,60,male,CentralEurope,5.91,severeobese
Study_2022,Sample-61,65,male,CentralEurope,5.99,obese
Study_2022,Sample-62,53,male,CentralEurope,5.68,obese
Study_2022,Sample-63,59,male,CentralEurope,6.04,obese
Study_2022,Sample-64,73,female,SouthEurope,6.1,overweight
Study_2022,Sample-65,63,male,SouthEurope,5.94,overweight
Study_2022,Sample-66,66,male,SouthEurope,6.2,overweight
Study_2022,Sample-67,63,male,SouthEurope,6.05,overweight
Study_2022,Sample-68,65,female,SouthEurope,5.86,overweight
Study_2022,Sample-69,62,male,SouthEurope,6.01,overweight
Study_2022,Sample-70,77,male,SouthEurope,5.97,lean
Study_2022,Sample-71,60,female,SouthEurope,6.23,lean
Study_2022,Sample-72,59,male,SouthEurope,5.83,overweight
Study_2022,Sample-73,74,female,SouthEurope,5.92,lean
Study_2022,Sample-74,75,male,SouthEurope,6.16,overweight
Study_2022,Sample-75,70,male,SouthEurope,5.75,overweight
Study_2022,Sample-76,75,male,SouthEurope,5.95,overweight
Study_2022,Sample-77,75,male,SouthEurope,6.03,severeobese
Study_2022,Sample-78,70,male,SouthEurope,5.98,lean
Study_2022,Sample-79,75,female,SouthEurope,6.15,severeobese
Study_2022,Sample-80,76,male,SouthEurope,6.08,lean
Study_2022,Sample-81,70,female,SouthEurope,5.83,overweight
Study_2022,Sample-82,63,female,SouthEurope,5.7,lean
Study_2022,Sample-83,70,female,SouthEurope,5.89,obese
Study_2022,Sample-84,76,male,SouthEurope,5.82,lean
Study_2022,Sample-85,71,female,SouthEurope,5.82,obese
Study_2022,Sample-86,75,male,SouthEurope,5.55,overweight
Study_2022,Sample-87,67,male,SouthEurope,6,lean
Study_2022,Sample-88,26,male,SouthEurope,5.9,overweight
Study_2022,Sample-89,25,male,SouthEurope,5.83,lean
Study_2022,Sample-90,29,male,SouthEurope,5.97,lean
Study_2022,Sample-91,32,male,SouthEurope,5.79,lean
Study_2022,Sample-92,27,female,SouthEurope,5.99,lean
Study_2022,Sample-93,28,female,SouthEurope,5.72,underweight
Study_2022,Sample-94,26,female,SouthEurope,5.96,lean
Study_2022,Sample-95,25,female,SouthEurope,5.91,lean
Study_2022,Sample-96,37,male,SouthEurope,5.88,lean
Study_2022,Sample-97,34,male,SouthEurope,5.59,lean
Study_2022,Sample-98,31,male,SouthEurope,5.89,lean
Study_2022,Sample-99,38,male,SouthEurope,6.13,lean
Study_2022,Sample-100,31,female,SouthEurope,6,lean
Study_2022,Sample-101,31,female,SouthEurope,5.87,lean
Study_2022,Sample-102,37,female,SouthEurope,5.76,lean
Study_2022,Sample-103,29,male,SouthEurope,5.77,lean
Study_2022,Sample-104,40,male,SouthEurope,6.25,lean
Study_2022,Sample-105,30,female,SouthEurope,6.05,underweight
Study_2022,Sample-106,52,female,CentralEurope,6.11,lean
Study_2022,Sample-107,21,female,CentralEurope,5.97,lean
Study_2022,Sample-108,55,male,CentralEurope,6.08,lean
Study_2022,Sample-109,58,female,CentralEurope,5.98,lean
Study_2022,Sample-110,65,male,CentralEurope,6.02,lean
Study_2022,Sample-111,52,female,CentralEurope,5.87,lean
Study_2022,Sample-112,23,male,CentralEurope,5.97,lean
Study_2022,Sample-113,50,female,CentralEurope,5.97,lean
Study_2022,Sample-114,59,male,CentralEurope,5.74,NA
Study_2022,Sample-115,54,male,CentralEurope,6.03,lean
Study_2022,Sample-116,23,female,CentralEurope,5.9,lean
Study_2022,Sample-117,60,female,CentralEurope,5.88,lean
Study_2022,Sample-118,52,female,CentralEurope,6.11,lean
Study_2022,Sample-119,46,female,CentralEurope,5.96,overweight
Study_2022,Sample-120,56,male,CentralEurope,6.07,lean
Study_2022,Sample-121,52,female,CentralEurope,6.11,lean
Study_2022,Sample-122,59,female,CentralEurope,6.12,lean
Study_2022,Sample-123,26,female,CentralEurope,5.53,underweight
Study_2022,Sample-124,63,male,CentralEurope,5.63,overweight
Study_2022,Sample-125,23,female,CentralEurope,5.96,lean
Study_2022,Sample-126,50,female,CentralEurope,5.84,lean
Study_2022,Sample-127,36,male,CentralEurope,6.02,NA
Study_2022,Sample-128,64,male,CentralEurope,5.94,lean
Study_2022,Sample-129,58,female,CentralEurope,5.95,lean
Study_2022,Sample-130,60,female,CentralEurope,6.03,lean
Study_2022,Sample-131,52,female,CentralEurope,6.04,NA
Study_2022,Sample-132,27,female,CentralEurope,5.72,lean
Study_2022,Sample-133,53,female,CentralEurope,6.02,lean
Study_2022,Sample-134,38,male,CentralEurope,5.65,overweight
Study_2022,Sample-135,58,female,CentralEurope,5.99,lean
Study_2022,Sample-136,51,female,CentralEurope,6.18,lean
Study_2022,Sample-137,25,female,CentralEurope,6.13,lean
Study_2022,Sample-138,30,female,CentralEurope,6.11,lean
Study_2022,Sample-139,21,female,CentralEurope,6.05,lean
Study_2022,Sample-140,31,male,CentralEurope,6.22,lean
Study_2022,Sample-141,31,female,CentralEurope,5.88,lean
Study_2022,Sample-142,65,female,CentralEurope,6.03,obese
Study_2022,Sample-143,58,female,CentralEurope,5.89,overweight
Study_2022,Sample-144,49,female,CentralEurope,5.63,lean
Study_2022,Sample-145,48,male,CentralEurope,6.09,lean
Study_2022,Sample-146,62,female,CentralEurope,6.02,overweight
Study_2022,Sample-147,26,male,CentralEurope,5.93,overweight
Study_2022,Sample-148,23,female,CentralEurope,6.22,lean
Study_2022,Sample-149,30,female,CentralEurope,5.81,underweight
Study_2022,Sample-150,24,female,CentralEurope,5.62,NA
Study_2022,Sample-151,25,female,CentralEurope,5.91,lean
Study_2022,Sample-152,22,female,CentralEurope,5.84,lean
Study_2022,Sample-153,28,female,CentralEurope,5.96,lean
Study_2022,Sample-154,34,female,CentralEurope,5.95,lean
Study_2022,Sample-155,22,female,CentralEurope,5.81,lean
Study_2022,Sample-156,29,female,CentralEurope,5.88,lean
Study_2022,Sample-157,47,male,CentralEurope,5.53,overweight
Study_2022,Sample-158,30,male,CentralEurope,5.08,overweight
Study_2022,Sample-159,37,male,CentralEurope,5.88,lean
Study_2022,Sample-160,25,female,CentralEurope,6.19,lean
Study_2022,Sample-161,27,male,CentralEurope,6.16,lean
Study_2022,Sample-162,22,female,CentralEurope,6.09,lean
Study_2022,Sample-163,26,female,CentralEurope,5.96,lean
Study_2022,Sample-164,46,female,CentralEurope,6.13,obese
Study_2022,Sample-165,43,female,CentralEurope,5.85,lean
Study_2022,Sample-166,26,female,CentralEurope,6.14,lean
Study_2022,Sample-167,31,male,CentralEurope,6.01,lean
Study_2022,Sample-168,22,female,CentralEurope,5.9,lean
Study_2022,Sample-169,23,female,CentralEurope,6.11,lean
Study_2022,Sample-170,27,female,CentralEurope,5.9,lean
Study_2022,Sample-171,22,female,CentralEurope,5.6,lean
Study_2022,Sample-172,26,male,CentralEurope,5.85,lean
Study_2022,Sample-173,25,female,CentralEurope,5.85,lean
Study_2022,Sample-174,23,female,CentralEurope,5.65,lean
Study_2022,Sample-175,20,female,CentralEurope,5.95,lean
Study_2022,Sample-176,43,female,CentralEurope,5.9,lean
Study_2022,Sample-177,23,male,CentralEurope,5.7,lean
Study_2022,Sample-178,52,male,CentralEurope,6.19,lean
Study_2022,Sample-179,30,female,CentralEurope,6.2,overweight
Study_2022,Sample-180,29,female,CentralEurope,6.18,overweight
Study_2022,Sample-181,25,female,CentralEurope,6.07,lean
Study_2022,Sample-182,25,female,CentralEurope,5.85,underweight
Study_2022,Sample-183,23,female,CentralEurope,5.99,obese
Study_2022,Sample-184,40,female,CentralEurope,6.08,lean
Study_2022,Sample-185,27,female,CentralEurope,5.94,lean
Study_2022,Sample-186,53,female,CentralEurope,5.92,lean
Study_2022,Sample-187,55,female,CentralEurope,6.17,lean
Study_2022,Sample-188,48,female,CentralEurope,6.05,lean
Study_2022,Sample-189,44,female,CentralEurope,6.02,lean
Study_2022,Sample-190,34,female,CentralEurope,6.06,lean
Study_2022,Sample-191,52,female,CentralEurope,6.03,lean
Study_2022,Sample-192,45,female,CentralEurope,5.97,lean
Study_2022,Sample-193,22,male,CentralEurope,5.93,lean
Study_2022,Sample-194,49,male,CentralEurope,5.3,overweight
Study_2022,Sample-195,24,female,CentralEurope,6.17,underweight
Study_2022,Sample-196,48,female,CentralEurope,5.99,overweight
Study_2022,Sample-197,47,female,CentralEurope,5.94,lean
Study_2022,Sample-198,46,female,CentralEurope,6.05,overweight
Study_2022,Sample-199,62,female,CentralEurope,5.92,overweight
Study_2022,Sample-200,20,female,CentralEurope,6.15,lean
Study_2022,Sample-201,34,female,CentralEurope,5.89,lean
Study_2022,Sample-202,24,female,CentralEurope,5.97,overweight
Study_2022,Sample-203,63,male,CentralEurope,5.92,overweight
Study_2022,Sample-204,40,female,CentralEurope,6.04,lean
Study_2022,Sample-205,21,female,CentralEurope,5.78,lean
Study_2022,Sample-206,26,female,CentralEurope,6.03,overweight
Study_2022,Sample-207,37,female,CentralEurope,6.1,lean
Study_2022,Sample-208,28,female,CentralEurope,5.86,lean
Study_2022,Sample-209,52,female,CentralEurope,6.01,lean
Study_2022,Sample-210,46,female,CentralEurope,5.97,lean
Study_2022,Sample-211,43,female,CentralEurope,6.02,lean
Study_2022,Sample-212,51,female,CentralEurope,6.1,lean
Study_2022,Sample-213,35,female,UKIE,5.95,lean
Study_2022,Sample-214,26,male,UKIE,5.91,lean
Study_2022,Sample-215,24,male,UKIE,5.97,overweight
Study_2022,Sample-216,27,female,UKIE,6.07,underweight
Study_2022,Sample-217,42,female,Scandinavia,5.6,obese
Study_2022,Sample-218,34,male,Scandinavia,5.73,obese
Study_2022,Sample-219,40,female,Scandinavia,6.12,severeobese
Study_2022,Sample-220,61,male,Scandinavia,5.95,obese
Study_2022,Sample-221,46,female,Scandinavia,5.84,severeobese
Study_2022,Sample-222,52,female,Scandinavia,5.73,obese
Study_2022,Sample-223,38,female,Scandinavia,5.27,severeobese
Study_2022,Sample-224,59,female,Scandinavia,5.74,obese
Study_2022,Sample-225,49,female,Scandinavia,5.8,obese
Study_2022,Sample-226,60,female,Scandinavia,5.8,obese
Study_2022,Sample-227,45,female,Scandinavia,5.72,severeobese
Study_2022,Sample-228,53,female,Scandinavia,5.74,severeobese
Study_2022,Sample-229,56,male,Scandinavia,5.76,severeobese
Study_2022,Sample-230,61,female,Scandinavia,6.12,obese
Study_2022,Sample-231,55,female,Scandinavia,5.6,obese
Study_2022,Sample-232,32,male,Scandinavia,5.64,obese
Study_2022,Sample-233,45,female,Scandinavia,6.1,obese
Study_2022,Sample-234,54,female,Scandinavia,5.95,obese
Study_2022,Sample-235,56,female,Scandinavia,5.85,obese
Study_2022,Sample-236,56,male,Scandinavia,5.76,obese
Study_2022,Sample-237,40,female,Scandinavia,6,obese
Study_2022,Sample-238,58,female,Scandinavia,5.7,severeobese
Study_2022,Sample-239,63,male,Scandinavia,5.85,overweight
Study_2022,Sample-240,55,female,Scandinavia,6.09,severeobese
Study_2022,Sample-241,42,female,Scandinavia,5.89,severeobese
Study_2022,Sample-242,52,female,Scandinavia,5.89,severeobese
Study_2022,Sample-243,51,female,Scandinavia,5.75,overweight
Study_2022,Sample-244,50,female,Scandinavia,5.56,morbidobese
Study_2022,Sample-245,31,female,Scandinavia,5.84,obese
Study_2022,Sample-246,52,male,Scandinavia,6.06,obese
Study_2022,Sample-247,54,female,Scandinavia,6.07,lean
Study_2022,Sample-248,46,female,Scandinavia,5.92,lean
Study_2022,Sample-249,34,female,Scandinavia,6.12,overweight
Study_2022,Sample-250,43,male,Scandinavia,5.72,lean
Study_2022,Sample-251,37,male,Scandinavia,5.75,lean
Study_2022,Sample-271,66,female,CentralEurope,5.98,NA
Study_2022,Sample-272,62,male,CentralEurope,5.77,NA
Study_2022,Sample-273,43,male,CentralEurope,5.91,NA
Study_2022,Sample-274,50,female,CentralEurope,6.02,NA
Study_2022,Sample-275,27,female,CentralEurope,5.53,NA
Study_2022,Sample-276,26,male,CentralEurope,5.78,NA
Study_2022,Sample-277,55,female,CentralEurope,5.83,NA
Study_2022,Sample-278,33,male,CentralEurope,5.79,NA
Study_2022,Sample-279,52,male,CentralEurope,5.92,NA
Study_2022,Sample-280,54,male,CentralEurope,5.99,NA
Study_2022,Sample-281,24,male,CentralEurope,5.74,lean
Study_2022,Sample-282,24,male,CentralEurope,5.11,lean
Study_2022,Sample-283,26,male,CentralEurope,4.79,lean
Study_2022,Sample-284,21,male,CentralEurope,6.28,lean
Study_2022,Sample-285,20,male,CentralEurope,5.39,lean
Study_2022,Sample-286,23,male,CentralEurope,6.1,lean
Study_2022,Sample-287,23,male,CentralEurope,5.87,lean
Study_2022,Sample-288,24,male,CentralEurope,4.89,lean
Study_2022,Sample-289,25,male,CentralEurope,5.83,lean
Study_2022,Sample-290,51,male,CentralEurope,6.18,lean
Study_2022,Sample-291,19,male,CentralEurope,5.44,lean
Study_2022,Sample-292,29,male,CentralEurope,5.99,lean
Study_2022,Sample-293,26,male,CentralEurope,4.87,lean
Study_2022,Sample-294,24,male,CentralEurope,6.06,lean
Study_2022,Sample-295,20,male,CentralEurope,5.52,lean
Study_2022,Sample-296,25,male,CentralEurope,5.81,severeobese
Study_2022,Sample-297,26,male,CentralEurope,5.4,lean
Study_2022,Sample-298,37,male,CentralEurope,5.8,lean
Study_2022,Sample-299,20,male,CentralEurope,5.03,lean
Study_2022,Sample-300,23,male,CentralEurope,5.96,lean
Study_2022,Sample-301,43,male,CentralEurope,5.91,overweight
Study_2022,Sample-302,20,male,CentralEurope,5.65,lean
Study_2022,Sample-303,46,male,CentralEurope,5.69,lean
Study_2022,Sample-304,20,male,CentralEurope,6.18,lean
Study_2022,Sample-305,21,male,CentralEurope,5.88,lean
Study_2022,Sample-306,20,male,CentralEurope,5.8,underweight
Study_2022,Sample-307,49,male,CentralEurope,5.38,lean
Study_2022,Sample-308,20,male,CentralEurope,5.72,lean
Study_2022,Sample-309,54,female,NA,5.93,lean
Study_2022,Sample-310,53,female,NA,6.1,lean
Study_2022,Sample-311,31,male,Scandinavia,5.75,overweight
Study_2022,Sample-312,36,female,EasternEurope,5.94,lean
Study_2022,Sample-313,37,female,Scandinavia,5.91,lean
Study_2022,Sample-314,31,female,Scandinavia,5.97,lean
Study_2022,Sample-315,56,male,CentralEurope,5.87,overweight
Study_2022,Sample-316,39,female,CentralEurope,5.72,severeobese
Study_2022,Sample-317,48,male,CentralEurope,5.6,lean
Study_2022,Sample-318,44,male,CentralEurope,5.81,lean
Study_2022,Sample-319,44,male,CentralEurope,5.08,obese
Study_2022,Sample-320,71,female,CentralEurope,5.63,overweight
Study_2022,Sample-321,49,female,CentralEurope,5.82,severeobese
Study_2022,Sample-322,57,male,CentralEurope,5.97,overweight
Study_2022,Sample-323,25,female,CentralEurope,5.75,lean
Study_2022,Sample-324,52,female,CentralEurope,5.97,lean
Study_2022,Sample-325,47,female,CentralEurope,5.73,severeobese
Study_2022,Sample-326,63,female,CentralEurope,5.76,overweight
Study_2022,Sample-327,51,female,CentralEurope,5.69,overweight
Study_2022,Sample-328,49,female,CentralEurope,6.04,obese
Study_2022,Sample-329,46,female,CentralEurope,5.87,obese
Study_2022,Sample-330,58,female,CentralEurope,5.95,overweight
Study_2022,Sample-331,49,female,CentralEurope,5.74,overweight
Study_2022,Sample-332,48,female,CentralEurope,5.83,lean
Study_2022,Sample-333,33,female,CentralEurope,5.94,obese
Study_2022,Sample-334,32,female,CentralEurope,5.91,obese
Study_2022,Sample-335,53,male,CentralEurope,6,overweight
Study_2022,Sample-336,42,male,CentralEurope,5.95,lean
Study_2022,Sample-337,20,female,CentralEurope,6.09,lean
Study_2022,Sample-338,19,male,CentralEurope,5.82,overweight
Study_2022,Sample-339,20,female,CentralEurope,6.09,lean
Study_2022,Sample-340,18,female,CentralEurope,6.19,lean
Study_2022,Sample-341,42,female,CentralEurope,5.92,obese
Study_2022,Sample-342,21,female,CentralEurope,5.95,overweight
Study_2022,Sample-343,49,male,CentralEurope,5.88,lean
Study_2022,Sample-344,26,female,CentralEurope,5.75,overweight
Study_2022,Sample-345,20,female,CentralEurope,5.68,lean
Study_2022,Sample-346,21,male,CentralEurope,5.43,lean
Study_2022,Sample-347,19,female,CentralEurope,5.41,lean
Study_2022,Sample-348,19,male,CentralEurope,5.77,overweight
Study_2022,Sample-349,27,female,CentralEurope,5.82,obese
Study_2022,Sample-350,21,male,CentralEurope,5.85,lean
Study_2022,Sample-351,37,female,CentralEurope,5.71,morbidobese
Study_2022,Sample-352,24,female,CentralEurope,5.8,morbidobese
Study_2022,Sample-353,49,female,CentralEurope,4.78,severeobese
Study_2022,Sample-354,53,female,CentralEurope,5.68,severeobese
Study_2022,Sample-355,50,female,CentralEurope,5.47,overweight
Study_2022,Sample-356,59,female,CentralEurope,5.91,obese
Study_2022,Sample-357,51,female,CentralEurope,5.77,obese
Study_2022,Sample-358,52,female,CentralEurope,5.6,overweight
Study_2022,Sample-359,61,female,CentralEurope,5.79,obese
Study_2022,Sample-360,45,female,CentralEurope,5.49,severeobese
Study_2022,Sample-361,49,female,CentralEurope,5.99,obese
Study_2022,Sample-362,48,female,CentralEurope,5.67,obese
Study_2022,Sample-363,50,female,CentralEurope,5.36,severeobese
Study_2022,Sample-364,36,female,CentralEurope,5.82,severeobese
Study_2022,Sample-365,42,female,CentralEurope,5.53,obese
Study_2022,Sample-366,52,female,CentralEurope,5.63,obese
Study_2022,Sample-367,45,female,CentralEurope,4.88,morbidobese
Study_2022,Sample-368,36,female,CentralEurope,4.96,obese
Study_2022,Sample-369,61,female,CentralEurope,5.59,morbidobese
Study_2022,Sample-370,57,female,CentralEurope,4.7,severeobese
Study_2022,Sample-371,51,female,CentralEurope,5.58,obese
Study_2022,Sample-372,43,female,CentralEurope,5.19,obese
Study_2022,Sample-373,42,female,CentralEurope,5.57,severeobese
Study_2022,Sample-374,57,female,CentralEurope,5.51,severeobese
Study_2022,Sample-375,45,female,CentralEurope,5.64,severeobese
Study_2022,Sample-376,40,female,CentralEurope,6.01,obese
Study_2022,Sample-377,62,female,CentralEurope,5.69,obese
Study_2022,Sample-378,35,female,CentralEurope,5.94,severeobese
Study_2022,Sample-379,53,female,CentralEurope,5.93,morbidobese
Study_2022,Sample-380,53,female,CentralEurope,5.66,severeobese
Study_2022,Sample-381,34,female,CentralEurope,5.39,morbidobese
Study_2022,Sample-382,37,female,CentralEurope,5.72,obese
Study_2022,Sample-383,43,female,CentralEurope,5.76,obese
Study_2022,Sample-384,53,female,CentralEurope,5.25,severeobese
Study_2022,Sample-385,30,female,CentralEurope,5.47,morbidobese
Study_2022,Sample-386,32,female,SouthEurope,6.02,lean
Study_2022,Sample-387,25,male,SouthEurope,5.49,lean
Study_2022,Sample-388,63,female,SouthEurope,5.8,overweight
Study_2022,Sample-389,37,female,SouthEurope,6.09,lean
Study_2022,Sample-390,62,female,SouthEurope,5.95,obese
Study_2022,Sample-391,66,male,SouthEurope,6.04,overweight
Study_2022,Sample-392,61,female,SouthEurope,5.85,lean
Study_2022,Sample-393,46,male,SouthEurope,5.88,lean
Study_2022,Sample-394,41,female,SouthEurope,5.69,lean
Study_2022,Sample-395,56,male,SouthEurope,6.16,overweight
Study_2022,Sample-396,31,male,SouthEurope,5.83,lean
Study_2022,Sample-397,34,female,SouthEurope,6.01,lean
Study_2022,Sample-398,19,male,SouthEurope,6.07,lean
Study_2022,Sample-399,54,female,SouthEurope,5.73,lean
Study_2022,Sample-400,32,female,SouthEurope,6.08,lean
Study_2022,Sample-401,27,female,SouthEurope,6.02,underweight
Study_2022,Sample-402,20,male,SouthEurope,6.13,lean
Study_2022,Sample-403,55,female,SouthEurope,6.02,severeobese
Study_2022,Sample-404,26,male,SouthEurope,6.27,lean
Study_2022,Sample-405,32,female,SouthEurope,6.15,lean
Study_2022,Sample-406,38,female,SouthEurope,6.03,lean
Study_2022,Sample-407,33,male,SouthEurope,5.61,overweight
Study_2022,Sample-408,37,female,SouthEurope,6.12,lean
Study_2022,Sample-409,19,female,SouthEurope,5.92,lean
Study_2022,Sample-410,22,male,SouthEurope,6.16,overweight
Study_2022,Sample-411,32,male,SouthEurope,5.82,obese
Study_2022,Sample-412,49,female,CentralEurope,5.71,overweight
Study_2022,Sample-413,59,female,CentralEurope,6.07,overweight
Study_2022,Sample-414,59,male,CentralEurope,5.69,obese
Study_2022,Sample-415,59,female,CentralEurope,5.92,lean
Study_2022,Sample-416,69,male,CentralEurope,6.07,obese
Study_2022,Sample-417,59,male,CentralEurope,5.65,lean
Study_2022,Sample-418,64,male,CentralEurope,5.67,obese
Study_2022,Sample-419,59,female,CentralEurope,5.95,lean
Study_2022,Sample-420,54,male,CentralEurope,5.77,lean
Study_2022,Sample-421,64,male,CentralEurope,5.87,lean
Study_2022,Sample-422,49,male,CentralEurope,5.62,obese
Study_2022,Sample-423,44,female,CentralEurope,5.82,lean
Study_2022,Sample-424,64,male,CentralEurope,5.7,lean
Study_2022,Sample-425,44,female,CentralEurope,6.04,lean
Study_2022,Sample-426,69,male,CentralEurope,6.09,lean
Study_2022,Sample-427,54,male,CentralEurope,5.51,severeobese
Study_2022,Sample-428,49,male,CentralEurope,6.16,lean
Study_2022,Sample-429,44,male,CentralEurope,5.92,lean
Study_2022,Sample-430,54,female,CentralEurope,5.85,lean
Study_2022,Sample-431,49,male,CentralEurope,6.16,lean
Study_2022,Sample-432,64,male,CentralEurope,5.91,lean
Study_2022,Sample-433,59,male,CentralEurope,5.91,overweight
Study_2022,Sample-434,54,male,CentralEurope,5.76,lean
Study_2022,Sample-435,44,female,CentralEurope,5.78,severeobese
Study_2022,Sample-436,49,male,CentralEurope,6.11,overweight
Study_2022,Sample-437,49,female,CentralEurope,5.97,obese
Study_2022,Sample-438,49,female,CentralEurope,6.18,obese
Study_2022,Sample-439,49,male,CentralEurope,5.74,lean
Study_2022,Sample-440,59,male,CentralEurope,5.97,obese
Study_2022,Sample-441,54,female,CentralEurope,5.78,obese
Study_2022,Sample-442,54,female,CentralEurope,6.16,lean
Study_2022,Sample-443,59,male,CentralEurope,6.13,obese
Study_2022,Sample-444,64,male,CentralEurope,6,lean
Study_2022,Sample-445,69,female,CentralEurope,5.53,obese
Study_2022,Sample-446,49,female,CentralEurope,5.88,severeobese
Study_2022,Sample-447,59,male,CentralEurope,5.97,obese
Study_2022,Sample-448,54,female,CentralEurope,5.98,lean
Study_2022,Sample-449,59,male,CentralEurope,5.98,overweight
Study_2022,Sample-450,44,female,CentralEurope,5.95,lean
Study_2022,Sample-451,54,male,CentralEurope,5.71,lean
Study_2022,Sample-452,54,female,CentralEurope,5.71,overweight
Study_2022,Sample-453,59,female,CentralEurope,6.2,severeobese
Study_2022,Sample-454,49,male,CentralEurope,6.12,lean
Study_2022,Sample-455,45,female,CentralEurope,6.07,overweight
Study_2022,Sample-456,64,female,CentralEurope,5.69,morbidobese
Study_2022,Sample-457,54,male,CentralEurope,5.7,obese
Study_2022,Sample-458,49,female,CentralEurope,5.6,lean
Study_2022,Sample-459,64,male,CentralEurope,5.95,obese
Study_2022,Sample-460,69,female,CentralEurope,5.89,obese
Study_2022,Sample-461,49,female,CentralEurope,6.16,lean
Study_2022,Sample-462,49,female,CentralEurope,5.5,severeobese
Study_2022,Sample-463,65,female,CentralEurope,5.75,lean
Study_2022,Sample-464,50,female,CentralEurope,5.81,severeobese
Study_2022,Sample-465,60,female,CentralEurope,6.02,lean
Study_2022,Sample-466,55,female,CentralEurope,5.57,obese
Study_2022,Sample-467,64,male,CentralEurope,5.7,obese
Study_2022,Sample-468,59,female,CentralEurope,5.85,severeobese
Study_2022,Sample-469,60,female,CentralEurope,5.98,lean
Study_2022,Sample-470,55,female,CentralEurope,5.3,lean
Study_2022,Sample-471,59,male,CentralEurope,5.78,obese
Study_2022,Sample-472,55,female,CentralEurope,5.83,lean
Study_2022,Sample-473,64,female,CentralEurope,5.96,overweight
Study_2022,Sample-474,50,female,CentralEurope,5.89,obese
Study_2022,Sample-475,50,male,CentralEurope,5.8,severeobese
Study_2022,Sample-476,49,female,CentralEurope,5.48,obese
Study_2022,Sample-477,49,female,CentralEurope,5.8,obese
Study_2022,Sample-478,64,male,CentralEurope,6.07,severeobese
Study_2022,Sample-479,64,female,CentralEurope,5.77,morbidobese
Study_2022,Sample-480,53,female,CentralEurope,6.04,obese
Study_2022,Sample-481,55,male,CentralEurope,5.99,lean
Study_2022,Sample-482,59,male,CentralEurope,5.96,obese
Study_2022,Sample-483,64,female,CentralEurope,6.16,obese
Study_2022,Sample-484,69,male,CentralEurope,5.71,obese
Study_2022,Sample-485,49,male,CentralEurope,6.03,obese
Study_2022,Sample-486,59,female,CentralEurope,5.94,obese
Study_2022,Sample-487,53,female,CentralEurope,6.16,overweight
Study_2022,Sample-488,54,male,CentralEurope,5.88,obese
Study_2022,Sample-489,44,female,CentralEurope,5.83,obese
Study_2022,Sample-490,60,female,CentralEurope,5.77,lean
Study_2022,Sample-491,54,female,CentralEurope,5.79,obese
Study_2022,Sample-492,49,male,CentralEurope,5.64,overweight
Study_2022,Sample-493,54,male,CentralEurope,5.62,obese
Study_2022,Sample-494,44,female,CentralEurope,5.99,obese
Study_2022,Sample-495,69,male,CentralEurope,5.64,obese
Study_2022,Sample-496,55,male,CentralEurope,5.93,lean
Study_2022,Sample-497,45,male,CentralEurope,5.75,obese
Study_2022,Sample-498,59,female,CentralEurope,5.88,lean
Study_2022,Sample-499,59,male,CentralEurope,5.86,obese
Study_2022,Sample-500,59,female,CentralEurope,5.92,severeobese
Study_2022,Sample-501,65,male,CentralEurope,5.59,obese
Study_2022,Sample-502,64,male,CentralEurope,5.92,obese
Study_2022,Sample-503,49,male,CentralEurope,5.97,obese
Study_2022,Sample-504,65,female,CentralEurope,5.49,lean
Study_2022,Sample-505,60,female,CentralEurope,5.7,lean
Study_2022,Sample-506,59,male,CentralEurope,5.69,severeobese
Study_2022,Sample-507,44,male,CentralEurope,5.83,overweight
Study_2022,Sample-508,54,male,CentralEurope,5.67,obese
Study_2022,Sample-509,60,male,CentralEurope,5.84,obese
Study_2022,Sample-510,55,male,CentralEurope,5.91,lean
Study_2022,Sample-511,45,female,CentralEurope,5.61,lean
Study_2022,Sample-512,59,female,CentralEurope,5.92,obese
Study_2022,Sample-513,70,male,CentralEurope,5.99,lean
Study_2022,Sample-514,65,male,CentralEurope,5.58,obese
Study_2022,Sample-515,54,female,CentralEurope,5.82,obese
Study_2022,Sample-516,59,male,CentralEurope,5.24,obese
Study_2022,Sample-517,40,female,CentralEurope,5.68,overweight
Study_2022,Sample-518,49,male,CentralEurope,5.9,obese
Study_2022,Sample-519,64,female,CentralEurope,5.72,obese
Study_2022,Sample-520,63,female,CentralEurope,5.43,overweight
Study_2022,Sample-521,59,female,CentralEurope,5.91,overweight
Study_2022,Sample-522,49,female,CentralEurope,5.99,obese
Study_2022,Sample-523,60,female,CentralEurope,5.86,overweight
Study_2022,Sample-524,49,female,CentralEurope,5.77,severeobese
Study_2022,Sample-525,53,female,CentralEurope,6.12,morbidobese
Study_2022,Sample-526,50,female,CentralEurope,6.04,lean
Study_2022,Sample-527,64,female,CentralEurope,6.05,severeobese
Study_2022,Sample-528,45,male,CentralEurope,5.96,lean
Study_2022,Sample-529,59,male,CentralEurope,5.87,obese
Study_2022,Sample-530,50,female,CentralEurope,5.66,obese
Study_2022,Sample-531,59,female,CentralEurope,5.93,severeobese
Study_2022,Sample-532,64,male,CentralEurope,5.82,obese
Study_2022,Sample-533,49,female,CentralEurope,5.69,severeobese
Study_2022,Sample-534,40,male,CentralEurope,5.79,severeobese
Study_2022,Sample-535,65,female,CentralEurope,5.74,obese
Study_2022,Sample-536,64,female,CentralEurope,5.63,obese
Study_2022,Sample-537,54,male,CentralEurope,5.82,obese
Study_2022,Sample-538,55,male,CentralEurope,5.91,lean
Study_2022,Sample-539,44,male,CentralEurope,5.87,obese
Study_2022,Sample-540,60,male,CentralEurope,5.96,obese
Study_2022,Sample-541,45,male,CentralEurope,5.54,overweight
Study_2022,Sample-542,59,male,CentralEurope,5.94,severeobese
Study_2022,Sample-543,70,male,CentralEurope,5.61,obese
Study_2022,Sample-544,49,female,CentralEurope,5.83,morbidobese
Study_2022,Sample-545,59,male,CentralEurope,6.02,morbidobese
Study_2022,Sample-546,50,male,CentralEurope,6.04,overweight
Study_2022,Sample-547,50,male,CentralEurope,5.88,obese
Study_2022,Sample-548,54,male,CentralEurope,6.01,obese
Study_2022,Sample-549,65,male,CentralEurope,6.01,overweight
Study_2022,Sample-550,49,female,CentralEurope,6.03,severeobese
Study_2022,Sample-551,50,female,CentralEurope,5.97,lean
Study_2022,Sample-552,64,male,CentralEurope,5.85,obese
Study_2022,Sample-553,39,male,CentralEurope,6.01,obese
Study_2022,Sample-554,59,female,CentralEurope,5.71,lean
Study_2022,Sample-555,60,female,CentralEurope,5.55,lean
Study_2022,Sample-556,44,male,CentralEurope,6.17,obese
Study_2022,Sample-557,55,female,CentralEurope,5.78,lean
Study_2022,Sample-558,59,female,CentralEurope,5.65,severeobese
Study_2022,Sample-559,55,female,CentralEurope,6.02,lean
Study_2022,Sample-560,59,female,CentralEurope,5.81,morbidobese
Study_2022,Sample-561,60,female,CentralEurope,5.97,obese
Study_2022,Sample-562,39,female,CentralEurope,5.78,obese
Study_2022,Sample-563,50,female,CentralEurope,5.7,severeobese
Study_2022,Sample-564,50,female,CentralEurope,5.7,obese
Study_2022,Sample-565,50,male,CentralEurope,5.78,obese
Study_2022,Sample-566,54,female,CentralEurope,5.99,lean
Study_2022,Sample-567,56,female,CentralEurope,5.99,obese
Study_2022,Sample-568,46,male,CentralEurope,5.88,lean
Study_2022,Sample-569,60,female,CentralEurope,5.99,severeobese
Study_2022,Sample-570,65,female,CentralEurope,6.15,lean
Study_2022,Sample-571,49,female,CentralEurope,6.12,lean
Study_2022,Sample-572,54,female,CentralEurope,6.02,severeobese
Study_2022,Sample-573,55,female,CentralEurope,6.05,morbidobese
Study_2022,Sample-574,51,male,CentralEurope,6.1,lean
Study_2022,Sample-575,55,female,CentralEurope,5.98,obese
Study_2022,Sample-576,55,female,CentralEurope,5.74,lean
Study_2022,Sample-577,50,female,CentralEurope,5.8,obese
Study_2022,Sample-578,56,female,CentralEurope,5.94,severeobese
Study_2022,Sample-579,50,female,CentralEurope,5.85,lean
Study_2022,Sample-580,54,female,CentralEurope,5.71,obese
Study_2022,Sample-581,54,female,CentralEurope,5.78,obese
Study_2022,Sample-582,61,female,CentralEurope,5.89,obese
Study_2022,Sample-583,66,female,CentralEurope,5.55,obese
Study_2022,Sample-584,61,male,CentralEurope,5.58,severeobese
Study_2022,Sample-585,71,female,CentralEurope,5.71,obese
Study_2022,Sample-586,71,male,CentralEurope,5.72,obese
Study_2022,Sample-587,51,male,CentralEurope,5.69,obese
Study_2022,Sample-588,50,female,CentralEurope,5.78,lean
Study_2022,Sample-589,55,female,CentralEurope,5.99,lean
Study_2022,Sample-590,61,female,CentralEurope,5.88,lean
Study_2022,Sample-591,56,female,CentralEurope,5.89,obese
Study_2022,Sample-592,70,female,CentralEurope,5.55,obese
Study_2022,Sample-593,60,male,CentralEurope,5.86,obese
Study_2022,Sample-594,51,female,CentralEurope,6.01,overweight
Study_2022,Sample-595,60,male,CentralEurope,5.84,lean
Study_2022,Sample-596,56,male,CentralEurope,5.95,lean
Study_2022,Sample-597,45,male,CentralEurope,5.68,lean
Study_2022,Sample-598,61,male,CentralEurope,5.82,obese
Study_2022,Sample-599,56,male,CentralEurope,5.99,lean
Study_2022,Sample-600,56,female,CentralEurope,5.74,severeobese
Study_2022,Sample-601,55,male,CentralEurope,5.92,lean
Study_2022,Sample-602,50,female,CentralEurope,5.8,obese
Study_2022,Sample-603,50,female,CentralEurope,5.77,lean
Study_2022,Sample-604,71,female,CentralEurope,5.46,lean
Study_2022,Sample-605,60,female,CentralEurope,5.93,obese
Study_2022,Sample-606,45,female,CentralEurope,6.09,lean
Study_2022,Sample-607,61,female,CentralEurope,5.87,obese
Study_2022,Sample-608,65,female,CentralEurope,6.25,severeobese
Study_2022,Sample-609,55,male,CentralEurope,6.07,underweight
Study_2022,Sample-610,55,male,CentralEurope,5.96,obese
Study_2022,Sample-611,71,female,CentralEurope,6.02,lean
Study_2022,Sample-612,56,female,CentralEurope,5.78,obese
Study_2022,Sample-613,50,male,CentralEurope,5.94,lean
Study_2022,Sample-614,64,female,CentralEurope,6,obese
Study_2022,Sample-615,53,female,CentralEurope,5.79,lean
Study_2022,Sample-616,48,female,CentralEurope,5.68,lean
Study_2022,Sample-617,50,female,CentralEurope,5.73,overweight
Study_2022,Sample-618,37,male,CentralEurope,5.86,lean
Study_2022,Sample-619,53,male,CentralEurope,5.81,lean
Study_2022,Sample-620,55,male,CentralEurope,5.83,lean
Study_2022,Sample-621,65,male,CentralEurope,6.08,overweight
Study_2022,Sample-622,46,male,CentralEurope,5.81,overweight
Study_2022,Sample-623,57,male,CentralEurope,5.95,obese
Study_2022,Sample-624,51,female,CentralEurope,5.75,lean
Study_2022,Sample-625,63,female,CentralEurope,5.99,overweight
Study_2022,Sample-626,50,male,CentralEurope,5.92,lean
Study_2022,Sample-627,44,male,CentralEurope,5.8,lean
Study_2022,Sample-628,53,male,CentralEurope,5.89,overweight
Study_2022,Sample-629,63,female,CentralEurope,5.67,lean
Study_2022,Sample-630,41,male,CentralEurope,5.58,obese
Study_2022,Sample-631,55,male,CentralEurope,5.69,overweight
Study_2022,Sample-632,47,male,CentralEurope,5.58,lean
Study_2022,Sample-633,49,male,CentralEurope,5.7,overweight
Study_2022,Sample-634,45,male,CentralEurope,5.71,lean
Study_2022,Sample-635,51,female,CentralEurope,5.84,lean
Study_2022,Sample-636,40,female,CentralEurope,5.83,obese
Study_2022,Sample-637,60,female,CentralEurope,5.43,overweight
Study_2022,Sample-638,53,female,CentralEurope,5.81,severeobese
Study_2022,Sample-639,64,male,CentralEurope,6.09,severeobese
Study_2022,Sample-640,52,female,CentralEurope,6.07,obese
Study_2022,Sample-641,47,female,CentralEurope,5.98,lean
Study_2022,Sample-642,56,male,CentralEurope,6.08,overweight
Study_2022,Sample-643,61,male,CentralEurope,6.1,severeobese
Study_2022,Sample-644,62,male,CentralEurope,5.84,lean
Study_2022,Sample-645,57,male,CentralEurope,5.7,lean
Study_2022,Sample-646,45,female,CentralEurope,5.82,obese
Study_2022,Sample-647,61,male,CentralEurope,5.63,obese
Study_2022,Sample-648,67,male,CentralEurope,6.05,lean
Study_2022,Sample-649,72,male,CentralEurope,5.95,lean
Study_2022,Sample-650,46,female,CentralEurope,5.76,obese
Study_2022,Sample-651,56,male,CentralEurope,5.95,obese
Study_2022,Sample-652,62,female,CentralEurope,5.9,severeobese
Study_2022,Sample-653,51,male,CentralEurope,6.02,obese
Study_2022,Sample-654,66,male,CentralEurope,5.79,severeobese
Study_2022,Sample-655,62,male,CentralEurope,5.92,lean
Study_2022,Sample-656,51,male,CentralEurope,6.07,overweight
Study_2022,Sample-657,67,male,CentralEurope,6.15,obese
Study_2022,Sample-658,56,male,CentralEurope,5.93,obese
Study_2022,Sample-659,57,female,CentralEurope,5.81,lean
Study_2022,Sample-660,62,female,CentralEurope,5.79,lean
Study_2022,Sample-661,51,male,CentralEurope,5.95,obese
Study_2022,Sample-662,66,female,CentralEurope,6.08,obese
Study_2022,Sample-663,56,male,CentralEurope,5.92,obese
Study_2022,Sample-664,62,female,CentralEurope,5.69,lean
Study_2022,Sample-665,62,female,CentralEurope,5.78,lean
Study_2022,Sample-666,47,female,CentralEurope,5.79,morbidobese
Study_2022,Sample-667,51,male,CentralEurope,5.59,obese
Study_2022,Sample-668,57,male,CentralEurope,5.61,overweight
Study_2022,Sample-669,61,female,CentralEurope,6.15,obese
Study_2022,Sample-670,61,female,CentralEurope,6.17,obese
Study_2022,Sample-671,50,female,CentralEurope,6.07,obese
Study_2022,Sample-672,57,male,CentralEurope,5.81,lean
Study_2022,Sample-673,71,male,CentralEurope,5.94,obese
Study_2022,Sample-674,72,female,CentralEurope,6.07,lean
Study_2022,Sample-675,46,male,CentralEurope,5.97,overweight
Study_2022,Sample-676,56,male,CentralEurope,6,severeobese
Study_2022,Sample-677,57,female,CentralEurope,5.74,lean
Study_2022,Sample-678,52,female,CentralEurope,5.96,lean
Study_2022,Sample-679,52,male,CentralEurope,6.07,lean
Study_2022,Sample-680,60,female,CentralEurope,5.72,obese
Study_2022,Sample-681,61,male,CentralEurope,5.86,obese
Study_2022,Sample-682,66,male,CentralEurope,5.7,severeobese
Study_2022,Sample-683,51,male,CentralEurope,5.82,severeobese
Study_2022,Sample-684,51,male,CentralEurope,5.38,obese
Study_2022,Sample-685,62,female,CentralEurope,5.9,lean
Study_2022,Sample-686,62,male,CentralEurope,5.77,obese
Study_2022,Sample-687,46,male,CentralEurope,5.92,lean
Study_2022,Sample-688,61,female,CentralEurope,5.95,lean
Study_2022,Sample-689,40,female,CentralEurope,5.85,morbidobese
Study_2022,Sample-690,60,female,CentralEurope,5.91,obese
Study_2022,Sample-691,50,female,CentralEurope,5.9,severeobese
Study_2022,Sample-692,70,male,CentralEurope,5.77,obese
Study_2022,Sample-693,61,male,CentralEurope,6.22,lean
Study_2022,Sample-694,61,female,CentralEurope,5.82,obese
Study_2022,Sample-695,56,female,CentralEurope,5.83,overweight
Study_2022,Sample-696,61,male,CentralEurope,5.96,lean
Study_2022,Sample-697,50,male,CentralEurope,6.04,obese
Study_2022,Sample-698,67,female,CentralEurope,5.85,severeobese
Study_2022,Sample-699,62,female,SouthEurope,5.66,severeobese
Study_2022,Sample-700,68,male,SouthEurope,6.2,overweight
Study_2022,Sample-701,41,female,SouthEurope,6.11,lean
Study_2022,Sample-702,49,male,SouthEurope,5.33,overweight
Study_2022,Sample-703,18,female,SouthEurope,5.29,lean
Study_2022,Sample-704,46,female,SouthEurope,5.41,overweight
Study_2022,Sample-705,36,female,SouthEurope,5.73,lean
Study_2022,Sample-706,51,male,SouthEurope,5.18,overweight
Study_2022,Sample-707,48,female,SouthEurope,5.62,overweight
Study_2022,Sample-708,25,male,SouthEurope,5.96,lean
Study_2022,Sample-709,63,female,SouthEurope,5.9,overweight
Study_2022,Sample-710,37,female,SouthEurope,5.97,lean
Study_2022,Sample-711,38,female,SouthEurope,5.73,lean
Study_2022,Sample-712,19,female,SouthEurope,5.66,lean
Study_2022,Sample-713,22,male,SouthEurope,5.94,overweight
Study_2022,Sample-714,32,male,SouthEurope,4.98,obese
Study_2022,Sample-737,55,female,US,5.68,overweight
Study_2022,Sample-738,62,female,US,5.59,overweight
Study_2022,Sample-739,61,male,US,5.64,overweight
Study_2022,Sample-740,53,male,US,5.43,lean
Study_2022,Sample-741,57,female,US,5.87,obese
Study_2022,Sample-742,52,female,US,5.45,overweight
Study_2022,Sample-743,52,male,US,5.21,obese
Study_2022,Sample-744,55,male,US,5.76,overweight
Study_2022,Sample-745,53,male,US,5.75,obese
Study_2022,Sample-746,55,female,US,5.44,overweight
Study_2022,Sample-747,51,male,US,5.93,lean
Study_2022,Sample-748,59,male,US,5.63,obese
Study_2022,Sample-749,57,male,Scandinavia,5.7,overweight
Study_2022,Sample-750,55,male,Scandinavia,6.08,lean
Study_2022,Sample-751,49,female,Scandinavia,6.02,obese
Study_2022,Sample-752,26,female,Scandinavia,5.53,lean
Study_2022,Sample-753,28,female,Scandinavia,6.06,lean
Study_2022,Sample-754,28,female,Scandinavia,5.92,lean
Study_2022,Sample-755,29,male,Scandinavia,5.9,overweight
Study_2022,Sample-756,27,female,Scandinavia,6.01,lean
Study_2022,Sample-757,23,female,Scandinavia,6.22,lean
Study_2022,Sample-758,22,male,Scandinavia,6.13,lean
Study_2022,Sample-759,39,male,UKIE,5.88,NA
Study_2022,Sample-760,34,female,UKIE,5.96,NA
Study_2022,Sample-761,20,female,UKIE,5.74,NA
Study_2022,Sample-762,45,male,UKIE,6.06,NA
Study_2022,Sample-763,44,male,NA,5.4,NA
Study_2022,Sample-764,54,female,UKIE,5.81,NA
Study_2022,Sample-765,27,female,UKIE,5.76,NA
Study_2022,Sample-766,60,female,UKIE,6.04,NA
Study_2022,Sample-767,32,male,UKIE,5.96,NA
Study_2022,Sample-768,42,female,UKIE,5.95,NA
Study_2022,Sample-769,22,female,UKIE,5.83,NA
Study_2022,Sample-770,35,female,Scandinavia,6.19,lean
Study_2022,Sample-771,26,female,CentralEurope,6.04,lean
Study_2022,Sample-772,52,female,Scandinavia,6.07,lean
Study_2022,Sample-773,45,female,Scandinavia,5.53,lean
Study_2022,Sample-774,41,female,Scandinavia,6,lean
Study_2022,Sample-775,46,female,Scandinavia,5.98,overweight
Study_2022,Sample-776,52,male,Scandinavia,5.86,overweight
Study_2022,Sample-777,55,female,Scandinavia,5.84,overweight
Study_2022,Sample-778,53,female,Scandinavia,5.89,lean
Study_2022,Sample-779,54,female,Scandinavia,5.91,obese
Study_2022,Sample-780,23,female,Scandinavia,5.69,overweight
Study_2022,Sample-781,46,female,Scandinavia,5.78,overweight
Study_2022,Sample-782,38,female,Scandinavia,5.7,lean
Study_2022,Sample-783,48,female,Scandinavia,6.04,lean
Study_2022,Sample-784,54,female,Scandinavia,5.71,lean
Study_2022,Sample-785,28,female,Scandinavia,5.76,lean
Study_2022,Sample-786,51,male,Scandinavia,5.8,overweight
Study_2022,Sample-787,41,female,Scandinavia,5.96,lean
Study_2022,Sample-788,46,female,Scandinavia,6.1,underweight
Study_2022,Sample-789,46,female,Scandinavia,5.89,lean
Study_2022,Sample-790,27,female,Scandinavia,5.88,lean
Study_2022,Sample-791,34,female,Scandinavia,6.12,overweight
Study_2022,Sample-792,53,female,Scandinavia,6.11,lean
Study_2022,Sample-793,55,male,Scandinavia,5.87,lean
Study_2022,Sample-794,43,male,Scandinavia,6.08,lean
Study_2022,Sample-795,44,male,Scandinavia,6.01,overweight
Study_2022,Sample-796,33,female,Scandinavia,5.77,overweight
Study_2022,Sample-797,37,male,Scandinavia,5.71,lean
Study_2022,Sample-798,47,male,Scandinavia,5.86,overweight
Study_2022,Sample-799,31,female,Scandinavia,6.03,lean
Study_2022,Sample-800,52,female,Scandinavia,6.04,lean
Study_2022,Sample-801,50,male,Scandinavia,5.53,overweight
Study_2022,Sample-802,37,female,Scandinavia,5.93,lean
Study_2022,Sample-803,25,female,Scandinavia,5.82,lean
Study_2022,Sample-804,34,male,Scandinavia,6.15,lean
Study_2022,Sample-805,34,male,Scandinavia,6.28,lean
Study_2022,Sample-806,53,male,Scandinavia,6,obese
Study_2022,Sample-807,45,male,Scandinavia,6.17,lean
Study_2022,Sample-808,55,male,Scandinavia,5.98,lean
Study_2022,Sample-809,25,male,Scandinavia,5.95,lean
Study_2022,Sample-810,28,male,Scandinavia,5.93,lean
Study_2022,Sample-811,54,female,Scandinavia,6.08,overweight
Study_2022,Sample-812,35,male,Scandinavia,6.14,lean
Study_2022,Sample-813,29,male,Scandinavia,5.98,lean
Study_2022,Sample-814,50,male,Scandinavia,6.03,overweight
Study_2022,Sample-815,27,male,Scandinavia,6.08,lean
Study_2022,Sample-816,49,female,Scandinavia,5.6,lean
Study_2022,Sample-817,52,male,Scandinavia,6.21,lean
Study_2022,Sample-818,30,male,Scandinavia,5.87,lean
Study_2022,Sample-819,40,male,Scandinavia,6.17,lean
Study_2022,Sample-820,45,female,Scandinavia,6.04,lean
Study_2022,Sample-821,53,female,Scandinavia,5.9,lean
Study_2022,Sample-822,39,male,Scandinavia,6.06,lean
Study_2022,Sample-823,55,male,Scandinavia,6.13,lean
Study_2022,Sample-824,27,male,Scandinavia,6.22,lean
Study_2022,Sample-825,30,male,Scandinavia,6.06,lean
Study_2022,Sample-826,43,male,Scandinavia,6.02,lean
Study_2022,Sample-827,35,male,Scandinavia,6.01,lean
Study_2022,Sample-828,51,male,Scandinavia,6.17,lean
Study_2022,Sample-829,46,female,Scandinavia,5.97,overweight
Study_2022,Sample-830,40,male,Scandinavia,5.86,lean
Study_2022,Sample-831,56,female,Scandinavia,5.88,overweight
Study_2022,Sample-832,42,female,Scandinavia,5.94,lean
Study_2022,Sample-833,51,female,Scandinavia,6.14,obese
Study_2022,Sample-834,47,male,Scandinavia,5.98,lean
Study_2022,Sample-835,45,female,Scandinavia,5.98,lean
Study_2022,Sample-836,39,female,Scandinavia,5.72,lean
Study_2022,Sample-837,53,female,Scandinavia,5.96,lean
Study_2022,Sample-838,40,female,Scandinavia,5.7,lean
Study_2022,Sample-839,51,male,Scandinavia,5.74,overweight
Study_2022,Sample-840,54,female,Scandinavia,5.87,overweight
Study_2022,Sample-841,27,female,Scandinavia,5.9,lean
Study_2022,Sample-842,54,male,Scandinavia,5.91,overweight
Study_2022,Sample-843,30,female,Scandinavia,5.81,underweight
Study_2022,Sample-844,44,male,Scandinavia,5.85,lean
Study_2022,Sample-845,30,male,Scandinavia,6,lean
Study_2022,Sample-846,43,female,UKIE,6.04,lean
Study_2022,Sample-847,50,female,UKIE,6.17,overweight
Study_2022,Sample-848,20,female,UKIE,5.86,lean
Study_2022,Sample-849,20,female,UKIE,5.99,lean
Study_2022,Sample-850,20,female,UKIE,6.05,overweight
Study_2022,Sample-851,20,female,UKIE,6.16,lean
Study_2022,Sample-852,26,male,UKIE,5.77,overweight
Study_2022,Sample-853,22,male,UKIE,5.94,lean
Study_2022,Sample-854,25,male,UKIE,5.79,lean
Study_2022,Sample-855,28,male,UKIE,6.04,lean
Study_2022,Sample-856,29,male,UKIE,6,lean
Study_2022,Sample-857,21,female,UKIE,5.79,lean
Study_2022,Sample-858,23,female,UKIE,6.06,lean
Study_2022,Sample-859,24,female,UKIE,6.01,lean
Study_2022,Sample-860,26,male,UKIE,5.84,overweight
Study_2022,Sample-861,21,male,UKIE,5.9,lean
Study_2022,Sample-862,21,male,UKIE,5.92,lean
Study_2022,Sample-863,36,female,UKIE,5.93,lean
Study_2022,Sample-864,39,female,UKIE,5.94,overweight
Study_2022,Sample-865,19,female,UKIE,5.59,lean
Study_2022,Sample-866,21,male,UKIE,5.89,overweight
Study_2022,Sample-867,33,male,UKIE,5.97,overweight
Study_2022,Sample-868,26,male,UKIE,5.67,lean
Study_2022,Sample-869,26,female,CentralEurope,5.99,lean
Study_2022,Sample-870,24,female,Scandinavia,5.87,lean
Study_2022,Sample-871,35,female,Scandinavia,6.05,lean
Study_2022,Sample-872,26,female,CentralEurope,5.88,lean
Study_2022,Sample-873,24,female,Scandinavia,5.93,lean
Study_2022,Sample-874,28,female,Scandinavia,6,overweight
Study_2022,Sample-875,30,female,SouthEurope,5.98,lean
Study_2022,Sample-876,37,male,CentralEurope,6.14,obese
Study_2022,Sample-877,36,male,CentralEurope,6.08,overweight
Study_2022,Sample-878,29,female,SouthEurope,5.86,lean
Study_2022,Sample-885,29,female,Scandinavia,5.61,NA
Study_2022,Sample-886,37,female,Scandinavia,5.67,NA
Study_2022,Sample-887,36,female,Scandinavia,4.89,NA
Study_2022,Sample-888,27,female,Scandinavia,5.56,NA
Study_2022,Sample-889,28,female,Scandinavia,5.57,NA
Study_2022,Sample-890,35,female,Scandinavia,5.97,NA
Study_2022,Sample-891,25,female,Scandinavia,5.56,NA
Study_2022,Sample-892,28,female,Scandinavia,5.89,NA
Study_2022,Sample-893,28,female,Scandinavia,5.81,NA
Study_2022,Sample-894,29,female,Scandinavia,5.38,NA
Study_2022,Sample-895,46,female,Scandinavia,5.8,overweight
Study_2022,Sample-896,47,female,Scandinavia,5.99,lean
Study_2022,Sample-897,40,female,Scandinavia,5.49,lean
Study_2022,Sample-898,58,female,Scandinavia,5.83,overweight
Study_2022,Sample-899,39,female,Scandinavia,5.73,lean
Study_2022,Sample-900,24,female,Scandinavia,5.55,lean
Study_2022,Sample-901,19,female,Scandinavia,5.58,underweight
Study_2022,Sample-902,45,female,Scandinavia,5.81,lean
Study_2022,Sample-903,57,female,Scandinavia,6.05,lean
Study_2022,Sample-904,58,female,Scandinavia,5.75,lean
Study_2022,Sample-905,57,female,Scandinavia,5.77,lean
Study_2022,Sample-906,53,female,Scandinavia,5.81,lean
Study_2022,Sample-907,40,female,EasternEurope,5.79,NA
Study_2022,Sample-908,53,male,EasternEurope,5.72,NA
Study_2022,Sample-909,64,female,EasternEurope,5.66,NA
Study_2022,Sample-910,56,male,EasternEurope,5.51,NA
Study_2022,Sample-911,45,male,EasternEurope,5.62,NA
Study_2022,Sample-912,31,female,EasternEurope,6.17,NA
Study_2022,Sample-913,36,female,EasternEurope,5.7,NA
Study_2022,Sample-914,42,female,EasternEurope,5.64,NA
Study_2022,Sample-915,51,female,EasternEurope,5.65,NA
Study_2022,Sample-916,54,male,EasternEurope,6.06,NA
Study_2022,Sample-917,43,male,EasternEurope,5.8,NA
Study_2022,Sample-918,53,male,EasternEurope,5.72,NA
Study_2022,Sample-919,64,male,EasternEurope,5.47,NA
Study_2022,Sample-920,67,male,EasternEurope,6.12,NA
Study_2022,Sample-921,43,female,CentralEurope,5.97,overweight
Study_2022,Sample-922,43,male,CentralEurope,6.13,lean
Study_2022,Sample-923,43,male,CentralEurope,6.21,lean
Study_2022,Sample-924,43,male,CentralEurope,5.71,obese
Study_2022,Sample-925,43,male,CentralEurope,5.63,lean
Study_2022,Sample-926,43,female,CentralEurope,5.73,obese
Study_2022,Sample-927,43,female,CentralEurope,5.83,obese
Study_2022,Sample-928,41,female,CentralEurope,6.13,lean
Study_2022,Sample-929,37,female,CentralEurope,5.87,lean
Study_2022,Sample-930,37,female,CentralEurope,5.68,overweight
Study_2022,Sample-931,37,female,CentralEurope,5.53,lean
Study_2022,Sample-932,38,male,CentralEurope,5.75,lean
Study_2022,Sample-933,38,male,CentralEurope,5.75,overweight
Study_2022,Sample-934,37,female,CentralEurope,5.91,lean
Study_2022,Sample-935,37,female,CentralEurope,6.05,lean
Study_2022,Sample-936,36,female,CentralEurope,6.17,lean
Study_2022,Sample-937,35,female,CentralEurope,5.82,lean
Study_2022,Sample-938,35,female,CentralEurope,6.04,lean
Study_2022,Sample-939,35,female,CentralEurope,5.89,lean
Study_2022,Sample-940,35,female,CentralEurope,5.66,lean
Study_2022,Sample-941,35,female,CentralEurope,5.46,lean
Study_2022,Sample-942,35,female,CentralEurope,5.36,lean
Study_2022,Sample-943,33,female,CentralEurope,6,obese
Study_2022,Sample-944,33,female,CentralEurope,5.91,obese
Study_2022,Sample-945,32,male,CentralEurope,5.49,lean
Study_2022,Sample-946,33,female,CentralEurope,5.73,lean
Study_2022,Sample-947,33,female,CentralEurope,6.07,lean
Study_2022,Sample-948,33,female,CentralEurope,5.89,overweight
Study_2022,Sample-949,33,female,CentralEurope,5.87,lean
Study_2022,Sample-950,33,female,CentralEurope,5.3,lean
Study_2022,Sample-951,33,female,CentralEurope,5.61,lean
Study_2022,Sample-952,33,female,CentralEurope,5.95,lean
Study_2022,Sample-953,32,female,CentralEurope,5.49,lean
Study_2022,Sample-954,32,female,CentralEurope,5.93,lean
Study_2022,Sample-955,32,female,CentralEurope,6.12,lean
Study_2022,Sample-956,32,female,CentralEurope,6.07,lean
Study_2022,Sample-957,30,female,CentralEurope,5.76,lean
Study_2022,Sample-958,30,female,CentralEurope,5.67,lean
Study_2022,Sample-959,30,male,CentralEurope,5.56,overweight
Study_2022,Sample-960,30,male,CentralEurope,5.48,overweight
Study_2022,Sample-961,30,female,CentralEurope,5.64,overweight
Study_2022,Sample-962,30,female,CentralEurope,5.84,lean
Study_2022,Sample-963,28,female,CentralEurope,5.94,lean
Study_2022,Sample-964,28,female,CentralEurope,5.82,overweight
Study_2022,Sample-965,25,female,CentralEurope,5.51,lean
Study_2022,Sample-966,25,female,CentralEurope,5.65,lean
Study_2022,Sample-967,25,female,CentralEurope,6.2,lean
Study_2022,Sample-968,25,female,CentralEurope,5.98,lean
Study_2022,Sample-969,24,male,CentralEurope,5.84,lean
Study_2022,Sample-970,24,male,CentralEurope,5.97,lean
Study_2022,Sample-971,24,male,CentralEurope,5.89,lean
Study_2022,Sample-972,24,male,CentralEurope,6.18,lean
Study_2022,Sample-973,22,male,CentralEurope,5.76,lean
Study_2022,Sample-974,22,male,CentralEurope,5.97,lean
Study_2022,Sample-975,22,female,CentralEurope,4.82,lean
Study_2022,Sample-976,22,female,CentralEurope,5.41,lean
Study_2022,Sample-977,21,female,CentralEurope,5.89,lean
Study_2022,Sample-978,21,female,CentralEurope,6.03,lean
Study_2022,Sample-979,19,male,CentralEurope,6.27,lean
Study_2022,Sample-980,19,male,CentralEurope,5.78,overweight
Study_2022,Sample-981,23,male,CentralEurope,5.78,lean
Study_2022,Sample-982,19,male,CentralEurope,5.59,overweight
Study_2022,Sample-983,19,male,CentralEurope,5.66,lean
Study_2022,Sample-984,26,male,NA,5.65,overweight
Study_2022,Sample-985,25,male,NA,6.13,lean
Study_2022,Sample-986,30,female,NA,6.01,lean
Study_2022,Sample-987,52,male,NA,5.68,overweight
Study_2022,Sample-988,24,female,NA,5.85,lean
Study_2022,Sample-989,38,male,NA,5.91,lean
Study_2022,Sample-990,42,female,NA,5.57,overweight
Study_2022,Sample-991,41,female,Scandinavia,6.07,lean
Study_2022,Sample-992,35,female,Scandinavia,5.97,lean
Study_2022,Sample-993,26,female,CentralEurope,6,lean
Study_2022,Sample-994,33,male,UKIE,5.67,overweight
Study_2022,Sample-995,43,female,UKIE,5.58,overweight
Study_2022,Sample-996,36,male,UKIE,5.77,overweight
Study_2022,Sample-997,31,male,UKIE,5.59,overweight
Study_2022,Sample-998,25,female,UKIE,6.05,overweight
Study_2022,Sample-999,37,male,UKIE,5.85,lean
Study_2022,Sample-1000,26,male,UKIE,5.71,overweight
Study_2022,Sample-1001,20,male,UKIE,6.07,lean
Study_2022,Sample-1002,40,male,UKIE,5.87,lean
Study_2022,Sample-1003,26,female,UKIE,6.02,severeobese
Study_2022,Sample-1004,45,male,UKIE,5.85,lean
Study_2022,Sample-1005,26,male,UKIE,5.71,overweight
Study_2022,Sample-1006,23,female,UKIE,6.07,lean
Study_2022,Sample-1007,32,female,SouthEurope,6.35,lean
Study_2022,Sample-1008,40,male,CentralEurope,6.22,obese
Study_2022,Sample-1009,30,female,SouthEurope,5.92,lean
Study_2022,Sample-1011,32,female,SouthEurope,6.1,lean
Study_2022,Sample-1012,56,female,Scandinavia,5.88,overweight
Study_2022,Sample-1014,56,female,Scandinavia,5.73,overweight
Study_2022,Sample-1015,56,female,Scandinavia,5.74,overweight
Study_2022,Sample-1016,56,female,Scandinavia,5.69,overweight
Study_2022,Sample-1019,42,female,Scandinavia,5.84,lean
Study_2022,Sample-1020,42,female,Scandinavia,5.81,lean
Study_2022,Sample-1021,42,female,Scandinavia,5.72,lean
Study_2022,Sample-1022,42,female,Scandinavia,5.83,lean
Study_2022,Sample-1024,51,female,Scandinavia,6.1,obese
Study_2022,Sample-1025,51,female,Scandinavia,6.15,obese
Study_2022,Sample-1026,51,female,Scandinavia,5.95,obese
Study_2022,Sample-1027,51,female,Scandinavia,6.01,overweight
Study_2022,Sample-1028,47,male,Scandinavia,5.98,lean
Study_2022,Sample-1030,47,male,Scandinavia,6.01,lean
Study_2022,Sample-1031,47,male,Scandinavia,6.09,lean
Study_2022,Sample-1032,47,male,Scandinavia,6.02,lean
Study_2022,Sample-1034,45,female,Scandinavia,5.97,lean
Study_2022,Sample-1035,45,female,Scandinavia,5.97,lean
Study_2022,Sample-1036,45,female,Scandinavia,6.06,lean
Study_2022,Sample-1037,45,female,Scandinavia,6.1,lean
Study_2022,Sample-1038,39,female,Scandinavia,5.72,lean
Study_2022,Sample-1040,39,female,Scandinavia,5.91,lean
Study_2022,Sample-1041,39,female,Scandinavia,5.81,lean
Study_2022,Sample-1042,39,female,Scandinavia,5.94,lean
Study_2022,Sample-1043,53,female,Scandinavia,5.96,lean
Study_2022,Sample-1045,53,female,Scandinavia,5.99,lean
Study_2022,Sample-1046,53,female,Scandinavia,5.93,lean
Study_2022,Sample-1047,53,female,Scandinavia,5.92,lean
Study_2022,Sample-1048,40,female,Scandinavia,5.7,lean
Study_2022,Sample-1050,40,female,Scandinavia,5.79,lean
Study_2022,Sample-1051,40,female,Scandinavia,5.91,lean
Study_2022,Sample-1052,40,female,Scandinavia,5.83,lean
Study_2022,Sample-1053,51,male,Scandinavia,5.74,overweight
Study_2022,Sample-1055,51,male,Scandinavia,5.76,overweight
Study_2022,Sample-1056,51,male,Scandinavia,5.91,overweight
Study_2022,Sample-1057,51,male,Scandinavia,5.77,overweight
Study_2022,Sample-1058,54,female,Scandinavia,5.87,overweight
Study_2022,Sample-1060,54,female,Scandinavia,6.05,overweight
Study_2022,Sample-1061,54,female,Scandinavia,6.17,overweight
Study_2022,Sample-1062,54,female,Scandinavia,5.96,lean
Study_2022,Sample-1064,27,female,Scandinavia,6.01,lean
Study_2022,Sample-1065,27,female,Scandinavia,6.15,lean
Study_2022,Sample-1066,27,female,Scandinavia,5.99,lean
Study_2022,Sample-1067,27,female,Scandinavia,5.97,lean
Study_2022,Sample-1069,54,male,Scandinavia,6.12,overweight
Study_2022,Sample-1070,54,male,Scandinavia,6.15,overweight
Study_2022,Sample-1071,54,male,Scandinavia,5.95,overweight
Study_2022,Sample-1072,54,male,Scandinavia,6.07,overweight
Study_2022,Sample-1073,30,female,Scandinavia,5.81,underweight
Study_2022,Sample-1075,30,female,Scandinavia,5.86,underweight
Study_2022,Sample-1076,30,female,Scandinavia,5.97,underweight
Study_2022,Sample-1077,30,female,Scandinavia,5.87,underweight
Study_2022,Sample-1078,44,male,Scandinavia,5.85,lean
Study_2022,Sample-1080,44,male,Scandinavia,5.63,lean
Study_2022,Sample-1081,44,male,Scandinavia,5.84,lean
Study_2022,Sample-1082,44,male,Scandinavia,5.94,lean
Study_2022,Sample-1083,30,male,Scandinavia,6,lean
Study_2022,Sample-1085,30,male,Scandinavia,5.86,lean
Study_2022,Sample-1086,30,male,Scandinavia,5.88,lean
Study_2022,Sample-1087,49,female,CentralEurope,5.66,severeobese
Study_2022,Sample-1088,53,female,CentralEurope,5.47,severeobese
Study_2022,Sample-1089,50,female,CentralEurope,5.92,obese
Study_2022,Sample-1090,59,female,CentralEurope,6.08,obese
Study_2022,Sample-1091,52,female,CentralEurope,5.89,overweight
Study_2022,Sample-1092,61,female,CentralEurope,5.97,obese
Study_2022,Sample-1093,45,female,CentralEurope,5.12,severeobese
Study_2022,Sample-1094,49,female,CentralEurope,6.09,obese
Study_2022,Sample-1095,48,female,CentralEurope,5.85,severeobese
Study_2022,Sample-1096,50,female,CentralEurope,5.67,severeobese
Study_2022,Sample-1097,36,female,CentralEurope,6.16,severeobese
Study_2022,Sample-1098,42,female,CentralEurope,5.78,overweight
Study_2022,Sample-1099,52,female,CentralEurope,5.8,obese
Study_2022,Sample-1100,45,female,CentralEurope,5.17,morbidobese
Study_2022,Sample-1101,36,female,CentralEurope,5.13,obese
Study_2022,Sample-1102,62,female,CentralEurope,5.15,morbidobese
Study_2022,Sample-1103,57,female,CentralEurope,5.11,severeobese
Study_2022,Sample-1104,52,female,CentralEurope,5.35,obese
Study_2022,Sample-1105,43,female,CentralEurope,5.35,obese
Study_2022,Sample-1106,42,female,CentralEurope,5.22,severeobese
Study_2022,Sample-1107,57,female,CentralEurope,5.57,severeobese
Study_2022,Sample-1108,45,female,CentralEurope,5.56,severeobese
Study_2022,Sample-1109,41,female,CentralEurope,5.19,obese
Study_2022,Sample-1110,62,female,CentralEurope,5.72,obese
Study_2022,Sample-1111,36,female,CentralEurope,5.83,severeobese
Study_2022,Sample-1112,53,female,CentralEurope,5.75,morbidobese
Study_2022,Sample-1113,53,female,CentralEurope,5.26,severeobese
Study_2022,Sample-1114,34,female,CentralEurope,5.69,morbidobese
Study_2022,Sample-1115,37,female,CentralEurope,5.72,obese
Study_2022,Sample-1116,44,female,CentralEurope,5.79,obese
Study_2022,Sample-1117,53,female,CentralEurope,5.59,severeobese
Study_2022,Sample-1118,30,female,CentralEurope,5.62,morbidobese
Study_2022,Sample-1119,42,female,Scandinavia,5.42,overweight
Study_2022,Sample-1120,42,female,Scandinavia,6.06,overweight
Study_2022,Sample-1122,34,male,Scandinavia,5.75,overweight
Study_2022,Sample-1123,34,male,Scandinavia,5.76,overweight
Study_2022,Sample-1124,40,female,Scandinavia,5.95,obese
Study_2022,Sample-1125,40,female,Scandinavia,5.98,obese
Study_2022,Sample-1126,61,male,Scandinavia,5.73,overweight
Study_2022,Sample-1127,61,male,Scandinavia,5.81,overweight
Study_2022,Sample-1128,46,female,Scandinavia,5.69,obese
Study_2022,Sample-1129,46,female,Scandinavia,5.96,obese
Study_2022,Sample-1130,52,female,Scandinavia,5.73,overweight
Study_2022,Sample-1131,52,female,Scandinavia,5.94,lean
Study_2022,Sample-1132,38,female,Scandinavia,5.4,obese
Study_2022,Sample-1133,38,female,Scandinavia,5.5,severeobese
Study_2022,Sample-1134,59,female,Scandinavia,5.88,obese
Study_2022,Sample-1135,59,female,Scandinavia,5.87,obese
Study_2022,Sample-1136,49,female,Scandinavia,5.62,overweight
Study_2022,Sample-1137,49,female,Scandinavia,5.72,overweight
Study_2022,Sample-1138,60,female,Scandinavia,5.53,overweight
Study_2022,Sample-1139,60,female,Scandinavia,5.94,overweight
Study_2022,Sample-1140,45,female,Scandinavia,5.25,obese
Study_2022,Sample-1141,45,female,Scandinavia,5.71,obese
Study_2022,Sample-1142,53,female,Scandinavia,6.03,obese
Study_2022,Sample-1143,53,female,Scandinavia,5.92,obese
Study_2022,Sample-1144,56,male,Scandinavia,6.09,overweight
Study_2022,Sample-1145,56,male,Scandinavia,6.05,overweight
Study_2022,Sample-1146,55,female,Scandinavia,5.43,obese
Study_2022,Sample-1147,55,female,Scandinavia,5.9,overweight
Study_2022,Sample-1148,32,male,Scandinavia,5.46,overweight
Study_2022,Sample-1149,45,female,Scandinavia,5.97,overweight
Study_2022,Sample-1150,54,female,Scandinavia,5.85,overweight
Study_2022,Sample-1151,56,female,Scandinavia,5.85,overweight
Study_2022,Sample-1152,56,male,Scandinavia,5.64,overweight
Study_2022,Sample-1153,56,male,Scandinavia,5.76,obese
Study_2022,Sample-1154,40,female,Scandinavia,5.94,overweight
Study_2022,Sample-1155,40,female,Scandinavia,6.02,overweight
Study_2022,Sample-1157,58,female,Scandinavia,6,obese
Study_2022,Sample-1158,58,female,Scandinavia,5.9,obese
Study_2022,Sample-1159,63,male,Scandinavia,5.63,obese
Study_2022,Sample-1161,55,female,Scandinavia,5.89,obese
Study_2022,Sample-1162,55,female,Scandinavia,6.22,obese
Study_2022,Sample-1163,42,female,Scandinavia,5.92,severeobese
Study_2022,Sample-1165,52,female,Scandinavia,6.01,obese
Study_2022,Sample-1166,52,female,Scandinavia,5.88,obese
Study_2022,Sample-1167,50,female,Scandinavia,5.67,severeobese
Study_2022,Sample-1168,50,female,Scandinavia,5.87,severeobese
Study_2022,Sample-1169,31,female,Scandinavia,5.87,overweight
Study_2022,Sample-1170,31,female,Scandinavia,5.92,overweight
Study_2022,Sample-1171,52,male,Scandinavia,6.04,overweight
Study_2022,Sample-1172,52,male,Scandinavia,5.74,overweight
